{
  "timestamp": "2026-02-01T10:42:41.615558",
  "model": "Transformer",
  "test_loss": 0.0018353769111471546,
  "direction_accuracy": 0.4848651623555311,
  "total_return": 1.6047990322113037,
  "mean_return": 0.0008832135354168713,
  "sharpe_ratio": 0.3304035550112969,
  "max_drawdown": 0.3629409074783325,
  "win_rate": 0.4848651623555311,
  "estimated_monthly_return": 0.0037094968487508596,
  "target_achieved": false,
  "training_history": {
    "train_loss": [
      0.004004736634724124,
      0.0015674363037271803,
      0.0015353685398961838,
      0.001525592666330883,
      0.001459088436007081,
      0.00142492431939954,
      0.0014193669709340014,
      0.0014483455209559526,
      0.001577661902798378,
      0.0014616150766591117,
      0.0015555067834815309,
      0.0015899399193368658,
      0.0016338166401714152,
      0.0016311474519442079,
      0.0016315287498536468,
      0.0016303949146650163,
      0.001629876254348835
    ],
    "val_loss": [
      0.004407510230052729,
      0.004529874290583074,
      0.004224684719686098,
      0.004157492014009652,
      0.004498433305882013,
      0.0042548715776224285,
      0.003995219275390825,
      0.004030856224126342,
      0.004678003935910773,
      0.004136187492337596,
      0.004043381953092569,
      0.004735294977039254,
      0.0047368814046745015,
      0.004734755739343854,
      0.004735211120604569,
      0.004735811326901584,
      0.004742130836268444
    ],
    "val_direction_acc": [
      0.543801652892562,
      0.4953168044077135,
      0.48044077134986224,
      0.5641873278236914,
      0.5691460055096419,
      0.5636363636363636,
      0.5504132231404959,
      0.503030303030303,
      0.5415977961432507,
      0.5146005509641873,
      0.5757575757575758,
      0.4721763085399449,
      0.4721763085399449,
      0.4721763085399449,
      0.4721763085399449,
      0.4721763085399449,
      0.4721763085399449
    ]
  }
}